{"mean":{"confidence_interval":{"confidence_level":0.95,"lower_bound":447618011.8,"upper_bound":456112445.16},"point_estimate":451671764.88,"standard_error":2165111.7858294304},"median":{"confidence_interval":{"confidence_level":0.95,"lower_bound":446987332.0,"upper_bound":453322624.0},"point_estimate":449632312.5,"standard_error":2083716.6398743116},"median_abs_dev":{"confidence_interval":{"confidence_level":0.95,"lower_bound":9569881.862300634,"upper_bound":17918440.861684084},"point_estimate":15184368.61332357,"standard_error":2117514.0919569316},"slope":null,"std_dev":{"confidence_interval":{"confidence_level":0.95,"lower_bound":14420234.139370259,"upper_bound":28582105.12762907},"point_estimate":21734436.763717383,"standard_error":3689781.855126618}}