{"mean":{"confidence_interval":{"confidence_level":0.95,"lower_bound":612622957.08,"upper_bound":625726040.15125},"point_estimate":619161373.21,"standard_error":3318267.168075207},"median":{"confidence_interval":{"confidence_level":0.95,"lower_bound":607389159.0,"upper_bound":626691997.5},"point_estimate":612756973.5,"standard_error":5186373.456964926},"median_abs_dev":{"confidence_interval":{"confidence_level":0.95,"lower_bound":27483740.007466078,"upper_bound":42262720.56868672},"point_estimate":34266511.83124781,"standard_error":3664897.9559382712},"slope":null,"std_dev":{"confidence_interval":{"confidence_level":0.95,"lower_bound":28809441.302106448,"upper_bound":36813302.42638427},"point_estimate":33120708.89572309,"standard_error":2057693.990498385}}