{"mean":{"confidence_interval":{"confidence_level":0.95,"lower_bound":771399765.28,"upper_bound":778579967.66},"point_estimate":774847657.1,"standard_error":1829766.668069557},"median":{"confidence_interval":{"confidence_level":0.95,"lower_bound":766840672.0,"upper_bound":774552292.0},"point_estimate":770906302.5,"standard_error":1836601.2849119545},"median_abs_dev":{"confidence_interval":{"confidence_level":0.95,"lower_bound":9800154.434697492,"upper_bound":16112381.31044805},"point_estimate":12848702.853789926,"standard_error":1548809.5763461634},"slope":null,"std_dev":{"confidence_interval":{"confidence_level":0.95,"lower_bound":13882766.114082275,"upper_bound":22482072.624773163},"point_estimate":18387897.163267665,"standard_error":2211207.2629481084}}