{"mean":{"confidence_interval":{"confidence_level":0.95,"lower_bound":642654416.3885,"upper_bound":652250878.35},"point_estimate":647437757.05,"standard_error":2434151.374024676},"median":{"confidence_interval":{"confidence_level":0.95,"lower_bound":643305772.5,"upper_bound":653827072.0},"point_estimate":648870853.0,"standard_error":2819694.242732032},"median_abs_dev":{"confidence_interval":{"confidence_level":0.95,"lower_bound":15931859.196352959,"upper_bound":26406300.506794453},"point_estimate":21109317.729234695,"standard_error":2828298.196424632},"slope":null,"std_dev":{"confidence_interval":{"confidence_level":0.95,"lower_bound":20527456.898975722,"upper_bound":27761499.87547249},"point_estimate":24356121.35148524,"standard_error":1843362.7545907956}}