{
  "benchmark": "torch_smooth_l1_grad_8m",
  "beta": 1.0,
  "checksum": 16.564280019085118,
  "dtype": "float64",
  "iters": 20,
  "max_ms": 421.53224,
  "mean_ms": 363.96647889999997,
  "median_ms": 360.7852805,
  "min_ms": 346.445544,
  "n": 8388608,
  "p95_ms": 381.853707,
  "reduction": "mean",
  "times_ms": [
    361.153849,
    354.694882,
    421.53224,
    367.935317,
    370.300468,
    366.217432,
    355.517972,
    346.445544,
    353.329786,
    353.065015,
    360.416712,
    380.766757,
    366.481503,
    381.853707,
    363.292511,
    349.513125,
    361.916193,
    354.911292,
    350.855468,
    359.129805
  ],
  "torch_num_threads": 32,
  "torch_version": "2.12.1+cpu",
  "warmups": 3
}
